date	Factom	unknown	Ascribe	Open Assets	Proof of Existence	Monegraph	Eternity Wall	BlockSign	Colu	Omni Layer	Stampery	Remembr	Bitproof	Blockstore	CoinSpark	stampd
2015-10-28 06:39	1	1	0	0	0	6	0	0	0	0	0	0	0	0	0
2015-10-28 06:28	0	0	0	4	0	12	0	0	0	0	0	0	0	0	0
2015-10-28 06:26	2	1	0	1	0	12	0	0	0	0	0	0	0	0	0
2015-10-28 06:01	1	0	0	0	0	0	0	0	0	0	0	0	0	0	0
2015-10-28 05:59	3	2	0	0	0	30	0	0	0	0	0	0	0	0	0
2015-10-28 05:28	0	0	0	3	0	0	0	0	2	0	0	0	0	0	0
2015-10-28 05:23	1	1	0	0	0	6	0	0	0	0	0	0	0	0	0
2015-10-28 05:17	3	1	0	0	0	18	0	0	0	0	0	0	0	0	0
2015-10-28 04:48	1	1	0	3	0	0	0	0	16	0	0	0	0	0	0
2015-10-28 04:35	1	1	0	0	0	6	0	0	0	0	0	0	0	0	0
2015-10-28 04:32	1	0	0	0	0	6	0	0	0	0	0	0	0	0	0
2015-10-28 04:19	2	3	0	0	0	12	0	0	0	0	0	0	0	0	0
2015-10-28 04:01	1	1	0	0	0	6	0	0	0	0	0	0	0	0	0
2015-10-28 03:47	1	4	0	0	0	42	0	0	0	0	0	0	0	0	0
2015-10-28 03:45	0	3	0	0	0	6	0	0	0	0	0	0	0	0	0
2015-10-28 03:31	2	0	0	0	0	6	0	0	0	0	0	0	0	0	0
2015-10-28 03:19	0	0	0	7	0	6	0	0	0	0	0	0	0	0	0
2015-10-28 03:12	1	0	0	0	0	0	0	0	0	0	0	0	0	0	0
2015-10-28 03:03	2	72	0	0	0	18	0	0	0	0	0	0	0	0	0
2015-10-28 02:39	2	1	0	0	0	6	0	0	0	0	0	0	0	0	0
2015-10-28 02:36	1	4	0	0	0	6	0	0	0	0	0	0	0	0	0
2015-10-28 02:13	1	2	0	0	0	7	0	0	0	0	0	0	0	0	0
2015-10-28 02:06	1	9	0	0	0	0	0	0	0	0	0	0	0	0	0
2015-10-28 01:57	3	4	0	13	1	25	0	0	0	0	0	0	0	0	0
2015-10-28 01:20	1	0	0	0	0	6	0	0	0	0	0	0	0	0	0
2015-10-28 01:14	2	5	0	0	0	6	0	0	0	0	0	0	1	0	0
2015-10-28 00:51	1	2	0	0	0	6	0	0	0	0	0	0	0	0	5
2015-10-28 00:40	0	3	0	0	1	0	0	0	0	0	0	0	0	0	0
2015-10-28 00:40	1	5	0	0	0	12	0	0	0	0	0	0	0	0	0
2015-10-28 00:43	4	0	0	0	0	0	0	0	0	0	0	0	0	0	14
2015-10-27 23:52	1	0	0	0	0	0	0	0	0	0	0	0	0	0	7
2015-10-27 23:41	2	53	0	0	0	18	0	0	0	0	0	0	0	0	0
2015-10-27 23:21	1	0	0	0	0	0	0	0	0	0	0	0	0	0	0
2015-10-27 23:19	1	1	0	0	0	0	0	0	0	0	0	0	0	1	0
2015-10-27 23:04	2	52	0	0	0	0	0	0	0	0	0	0	0	0	0
2015-10-27 22:47	2	6	0	0	0	7	0	0	0	0	0	0	0	0	0
2015-10-27 22:32	1	4	0	10	0	12	0	0	3	0	0	0	0	0	0
2015-10-27 22:10	1	0	0	0	0	6	0	0	0	0	0	0	0	0	0
2015-10-27 22:04	2	2	0	0	1	0	0	0	0	0	0	0	0	0	0
2015-10-27 21:47	1	2	0	0	1	0	0	0	0	0	0	0	0	0	0
2015-10-27 21:35	1	2	0	0	0	0	0	0	0	0	0	0	0	0	0
2015-10-27 21:28	1	1	0	0	0	0	0	0	0	0	0	0	0	0	0
2015-10-27 21:21	2	2	0	0	0	0	0	0	0	0	0	0	0	0	0
2015-10-27 20:57	1	0	0	0	0	0	0	0	0	0	0	0	0	0	0
2015-10-27 20:42	1	0	0	0	0	0	0	0	0	0	0	0	0	0	0
2015-10-27 20:40	0	3	10	4	0	0	0	0	35	2	0	0	0	0	0
2015-10-27 20:37	2	5	0	0	0	0	0	0	0	0	0	0	0	0	0
2015-10-27 20:18	0	1	0	0	0	0	0	0	0	0	0	0	0	0	0
2015-10-27 20:17	0	4	0	0	0	0	0	0	0	0	0	0	0	0	0
2015-10-27 20:16	1	2	0	1	0	0	0	0	0	0	0	0	0	0	0
2015-10-27 20:01	1	0	0	0	0	0	0	0	0	0	0	0	0	0	0
2015-10-27 19:59	0	2	0	4	0	0	0	0	0	0	0	0	0	0	0
2015-10-27 19:57	0	2	0	0	0	0	0	0	0	0	0	0	0	0	0
2015-10-27 19:52	2	0	0	0	0	0	0	0	0	0	0	0	0	0	0
2015-10-27 19:37	0	4	0	0	0	0	0	0	0	0	0	0	0	0	0
2015-10-27 19:32	1	0	0	0	0	0	0	0	0	0	0	0	0	0	0
2015-10-27 19:23	1	3	0	0	0	0	0	0	0	0	0	0	0	0	0
2015-10-27 19:11	1	1	0	0	0	0	0	0	0	0	0	0	0	1	0
2015-10-27 19:09	0	3	0	0	0	0	0	0	0	0	0	0	0	1	0
2015-10-27 19:06	1	3	0	3	0	0	1	0	0	0	0	0	0	0	0
2015-10-27 18:53	2	7	0	0	0	0	0	0	0	0	0	0	0	0	0
2015-10-27 18:38	2	4	0	0	1	0	0	0	0	0	0	0	0	0	0
2015-10-27 18:19	0	16	0	0	0	0	0	0	0	0	0	0	0	0	0
2015-10-27 18:12	0	6	0	0	0	0	0	0	0	0	0	0	0	0	0
2015-10-27 18:10	2	33	0	4	0	6	0	0	0	0	0	0	0	0	0
2015-10-27 17:59	0	2	0	0	0	0	0	0	0	0	0	0	0	0	0
2015-10-27 17:54	3	4	0	0	0	0	0	0	0	0	0	0	0	0	0
2015-10-27 17:30	1	2	0	0	0	0	0	0	0	0	0	0	0	0	0
2015-10-27 17:15	1	11	0	8	0	0	1	0	0	0	0	0	0	0	0
2015-10-27 17:07	1	1	0	0	0	0	0	0	0	0	0	0	0	0	0
2015-10-27 16:50	2	15	0	0	0	0	0	0	0	0	0	0	0	0	0
2015-10-27 16:31	1	1	0	0	0	0	0	0	0	0	0	0	0	0	0
2015-10-27 16:28	1	29	0	0	0	0	0	0	0	0	0	0	0	0	0
2015-10-27 16:14	1	0	0	0	0	0	0	0	0	0	0	0	0	0	0
2015-10-27 16:09	1	32	0	0	0	0	0	0	0	0	0	0	0	0	0
2015-10-27 15:51	1	0	0	0	1	0	0	0	0	0	0	0	0	0	0
2015-10-27 15:40	3	0	0	0	0	0	0	0	0	0	0	0	0	0	0
2015-10-27 15:14	1	1	0	0	0	0	0	0	0	0	0	0	0	0	0
2015-10-27 15:04	1	0	0	3	0	0	0	0	0	0	0	0	0	0	0
2015-10-27 14:55	1	0	0	0	0	0	0	0	0	0	0	0	0	0	0
2015-10-27 14:47	1	1	0	0	0	0	0	0	0	0	0	0	0	0	0
2015-10-27 14:39	2	5	0	0	0	0	0	0	0	0	0	0	0	0	0
2015-10-27 14:13	1	1	0	0	0	0	0	0	0	0	0	0	0	0	0
2015-10-27 14:11	0	1	0	0	0	0	1	0	0	0	0	0	0	0	0
2015-10-27 14:04	1	1	0	5	0	0	0	0	0	0	0	0	0	0	0
2015-10-27 14:10	1	0	0	0	0	0	0	0	0	0	0	0	0	0	0
2015-10-27 13:46	2	3	0	0	0	0	0	0	0	0	0	0	0	0	0
2015-10-27 13:26	2	1	0	0	0	0	0	0	0	0	0	0	0	0	0
2015-10-27 13:02	1	1	0	0	0	0	0	0	0	0	0	0	0	0	0
2015-10-27 12:55	4	1	0	0	0	1	0	0	0	0	0	0	0	0	0
2015-10-27 12:18	1	2	0	1	0	0	1	0	8	0	0	0	1	0	0
2015-10-27 12:05	1	4	0	0	0	0	0	0	0	0	0	0	0	0	0
2015-10-27 11:55	2	1	0	3	0	6	0	0	0	0	0	0	0	0	0
2015-10-27 11:37	0	1	0	0	0	0	1	0	2	0	0	0	0	0	0
2015-10-27 11:36	0	4	0	0	0	6	0	0	0	0	0	0	0	0	0
2015-10-27 11:34	1	2	0	0	0	0	0	0	0	0	0	0	0	0	0
2015-10-27 11:26	1	1	0	0	0	6	0	0	0	0	0	0	0	0	0
2015-10-27 11:26	0	1	0	0	0	0	0	0	0	0	0	0	0	0	0
2015-10-27 11:11	2	2	0	1	0	0	1	0	0	0	0	0	0	0	0
2015-10-27 10:52	1	4	0	0	0	0	0	0	0	0	0	0	0	0	0
2015-10-27 10:43	1	0	0	8	0	0	0	0	0	0	0	0	1	0	0
2015-10-27 10:37	1	11	0	0	0	0	0	0	0	0	0	0	0	0	0
2015-10-27 10:24	2	0	0	0	0	0	0	0	0	0	0	0	0	0	0
2015-10-27 10:03	3	4	0	0	0	1	0	0	0	0	0	0	0	0	0
2015-10-27 09:31	1	0	0	0	0	0	0	0	0	0	0	0	0	0	0
2015-10-27 09:20	1	0	0	0	0	0	0	0	0	0	0	0	0	0	0
2015-10-27 09:13	1	1	0	0	0	0	0	0	0	0	0	0	0	0	0
2015-10-27 09:06	0	1	0	3	0	0	1	0	0	0	0	0	0	0	0
2015-10-27 09:04	1	2	0	0	0	0	0	0	0	0	0	0	0	0	0
2015-10-27 08:50	1	1	0	0	0	0	0	0	0	0	0	0	0	0	0
2015-10-27 08:47	1	1	0	0	0	0	0	0	0	0	0	0	0	0	0
2015-10-27 08:35	3	2	0	0	0	0	0	0	0	0	0	0	0	0	0
2015-10-27 08:02	1	1	0	0	0	0	0	0	0	0	0	0	0	0	0
2015-10-27 07:50	1	0	0	0	0	0	0	0	0	0	0	0	0	0	0
2015-10-27 07:49	1	0	0	0	0	0	0	0	0	0	0	0	0	0	0
2015-10-27 07:45	0	0	0	3	0	0	0	0	0	0	0	0	0	0	0
2015-10-27 07:40	1	1	0	1	0	0	0	0	6	2	0	0	0	0	0
2015-10-27 07:28	1	0	0	0	0	0	0	0	0	0	0	0	0	0	0
2015-10-27 07:15	0	1	0	6	0	0	0	0	0	0	0	0	0	0	0
2015-10-27 07:10	2	1	0	0	0	0	0	0	0	0	0	0	0	0	0
2015-10-27 06:51	1	0	0	0	0	0	0	0	0	0	0	0	0	0	0
2015-10-27 06:43	1	1	0	0	0	0	0	0	0	0	0	0	0	0	0
2015-10-27 06:32	1	2	0	0	0	0	0	0	0	0	0	0	0	0	0
2015-10-27 06:22	1	0	0	0	0	0	0	0	0	0	0	0	0	0	0
2015-10-27 06:12	1	2	0	0	0	0	0	0	0	0	0	0	0	0	0
2015-10-27 06:06	6	2	0	0	0	0	0	0	0	0	0	0	0	0	0
2015-10-27 05:21	1	1	0	0	0	0	0	0	0	0	0	0	0	0	0
2015-10-27 05:18	1	1	0	0	0	0	0	0	0	0	0	0	0	0	0
2015-10-27 05:11	0	0	0	3	0	0	0	0	11	0	0	0	0	0	0
2015-10-27 05:08	0	1	0	0	0	0	0	0	0	0	0	0	0	0	0
2015-10-27 05:02	1	2	0	0	0	0	0	0	0	0	2	0	0	0	0
2015-10-27 04:55	1	1	0	0	0	0	0	0	0	0	0	0	0	0	0
2015-10-27 04:48	1	5	0	0	0	0	0	0	0	0	0	0	0	0	0
2015-10-27 04:39	2	3	0	0	0	0	0	0	0	0	3	0	0	0	0
2015-10-27 04:16	1	1	0	0	0	0	0	0	0	0	0	0	0	0	0
2015-10-27 04:09	1	2	0	0	0	0	0	0	0	0	0	0	0	0	0
2015-10-27 03:53	2	4	0	0	0	0	0	0	0	0	0	0	0	0	0
2015-10-27 03:38	1	2	0	3	0	0	0	0	0	0	0	0	0	0	0
2015-10-27 03:37	1	2	0	0	0	0	0	0	0	0	0	0	0	0	0
2015-10-27 03:10	1	1	0	3	0	0	0	0	1	0	0	0	0	0	0
2015-10-27 03:09	1	0	0	0	0	0	0	0	0	0	0	0	0	0	0
2015-10-27 02:53	1	0	0	0	0	0	0	0	0	0	0	0	0	0	0
2015-10-27 02:46	2	9	0	0	0	0	0	0	0	0	0	0	0	0	0
2015-10-27 02:27	1	1	0	0	1	0	0	0	0	0	0	0	0	0	0
2015-10-27 02:12	1	0	0	0	0	0	0	0	0	0	0	0	0	0	0
2015-10-27 02:07	1	3	0	0	0	0	0	0	0	0	0	0	0	0	0
2015-10-27 01:55	1	5	0	0	0	0	0	0	0	0	0	0	0	0	0
2015-10-27 01:52	3	5	0	5	0	0	0	0	3	0	0	0	0	0	0
2015-10-27 01:13	1	4	0	3	0	0	0	0	0	0	0	0	0	0	0
2015-10-27 01:03	2	1	0	0	0	0	0	0	0	0	0	0	0	0	0
2015-10-27 00:48	1	0	0	0	0	6	0	0	0	0	0	0	0	0	0
2015-10-27 00:37	3	1	0	0	0	0	0	0	0	0	0	0	0	0	0
2015-10-27 00:08	0	1	0	5	0	6	0	0	58	0	0	0	0	0	0
2015-10-27 00:02	2	0	0	0	0	6	0	0	0	0	0	0	0	0	0
2015-10-26 23:43	1	0	0	0	0	0	0	0	0	0	0	0	0	0	0
2015-10-26 23:35	0	4	0	0	0	0	0	0	0	0	0	0	0	0	0
2015-10-26 23:30	1	2	0	3	0	0	0	0	0	0	0	0	0	0	0
2015-10-26 23:25	0	6	0	11	0	0	2	0	0	0	0	0	0	0	0
2015-10-26 23:23	3	2	0	0	0	0	0	0	0	0	0	0	0	0	0
2015-10-26 22:54	1	0	0	0	0	0	0	0	0	0	0	0	0	0	0
2015-10-26 22:46	1	2	0	0	0	0	0	0	0	0	0	0	0	0	0
2015-10-26 22:37	0	13	0	0	0	0	0	0	0	0	0	0	0	0	0
2015-10-26 22:36	2	4	0	0	0	0	0	0	0	0	0	0	0	0	0
2015-10-26 22:16	1	1	0	0	0	0	0	0	0	0	0	0	0	0	0
2015-10-26 22:12	1	1	0	0	0	0	0	0	0	0	0	0	0	0	0
2015-10-26 21:57	1	0	0	0	0	0	0	0	0	0	0	0	0	0	0
2015-10-26 21:46	1	2	0	0	0	0	0	0	0	0	0	0	0	0	0
2015-10-26 21:39	1	1	0	0	0	0	0	0	0	0	0	0	0	0	0
2015-10-26 21:23	1	0	0	0	0	0	0	0	0	0	0	0	0	0	0
2015-10-26 21:17	0	1	0	0	0	0	0	0	0	0	0	0	0	0	0
2015-10-26 21:14	1	0	0	0	0	0	0	0	0	0	0	0	0	0	0
2015-10-26 21:07	0	1	0	0	0	0	0	0	0	0	0	0	0	0	0
2015-10-26 21:04	2	2	0	0	0	0	0	0	0	0	0	0	0	0	0
2015-10-26 20:42	1	2	0	0	0	0	0	0	0	0	0	0	0	0	0
2015-10-26 20:31	1	1	0	0	0	0	0	0	0	0	0	0	0	2	0
2015-10-26 20:22	2	0	0	0	0	1	0	0	0	0	0	0	0	2	0
2015-10-26 20:09	3	1	0	0	0	0	0	0	0	0	0	0	0	0	0
2015-10-26 19:38	0	1	0	0	0	0	0	0	0	0	0	0	0	0	0
2015-10-26 19:35	1	0	0	0	0	0	0	0	0	0	0	0	0	0	0
2015-10-26 19:28	1	0	0	0	0	0	0	0	0	0	0	0	0	0	0
2015-10-26 19:10	4	9	0	0	0	0	0	0	0	0	0	0	0	0	0
2015-10-26 18:37	1	3	0	10	0	0	0	0	0	0	0	0	0	0	0
2015-10-26 18:21	1	0	0	0	0	0	0	0	0	0	0	0	0	0	0
2015-10-26 18:13	2	2	0	0	1	0	0	0	0	0	0	0	0	0	0
2015-10-26 17:53	1	22	0	0	0	0	0	0	0	0	0	0	0	0	0
2015-10-26 17:48	3	13	0	0	1	0	0	0	0	0	0	0	0	0	0
2015-10-26 17:19	1	2	0	0	0	0	0	0	0	0	0	0	0	0	0
2015-10-26 17:10	1	5	0	0	0	0	0	0	0	0	0	0	0	0	0
2015-10-26 16:54	1	1	0	0	0	0	0	0	0	0	0	0	0	0	0
2015-10-26 16:46	0	1	0	0	0	0	0	0	0	0	0	0	0	0	0
2015-10-26 16:41	1	2	0	0	0	0	0	0	0	0	0	0	0	0	0
2015-10-26 16:33	2	1	0	0	0	0	0	0	0	0	0	0	0	0	0
2015-10-26 16:19	1	10	0	2	0	0	0	0	0	0	0	0	0	0	0
2015-10-26 16:06	1	0	0	0	0	0	0	0	0	0	0	0	0	0	0
2015-10-26 15:58	3	1	0	0	0	0	0	0	0	0	0	0	0	0	0
2015-10-26 15:25	1	0	0	0	0	0	0	0	0	0	0	0	0	0	0
2015-10-26 15:19	0	1	0	0	0	0	0	0	0	0	0	0	0	0	0
2015-10-26 15:18	1	0	0	0	0	0	0	0	0	0	0	0	0	0	0
2015-10-26 15:06	0	1	0	0	0	0	0	0	0	0	0	0	0	0	0
2015-10-26 15:02	1	13	0	0	0	0	0	0	0	0	0	0	0	0	0
2015-10-26 14:53	1	0	0	0	0	0	0	0	0	0	0	0	0	0	0
2015-10-26 14:50	1	0	0	0	0	0	0	0	0	0	0	0	0	0	0
2015-10-26 14:38	0	4	0	3	0	0	0	0	0	0	0	0	0	0	0
2015-10-26 14:31	3	0	0	0	0	0	0	0	0	0	0	0	0	0	0
2015-10-26 14:05	1	6	0	1	0	0	0	0	0	0	0	0	0	0	0
2015-10-26 13:59	0	51	0	0	0	0	0	0	0	0	0	0	0	1	0
2015-10-26 13:54	1	0	0	0	0	0	0	0	0	0	0	0	0	0	0
2015-10-26 13:48	0	2	0	0	0	0	0	0	0	0	0	0	0	0	0
2015-10-26 13:40	1	0	0	0	0	0	0	0	2	0	0	0	0	0	0
2015-10-26 13:38	1	2	0	3	0	0	0	0	0	0	0	0	0	0	0
2015-10-26 13:29	1	0	0	0	0	0	0	0	0	0	0	0	0	0	0
2015-10-26 13:19	0	1	0	0	0	0	0	0	0	0	0	0	0	0	0
2015-10-26 13:11	2	3	0	0	0	0	0	0	0	0	0	0	0	0	0
2015-10-26 12:58	1	2	0	0	0	0	0	0	0	0	0	0	0	0	0
2015-10-26 12:45	1	5	0	4	0	0	1	0	0	0	0	0	0	0	0
2015-10-26 12:37	1	0	0	0	0	0	0	0	0	0	0	0	0	0	0
2015-10-26 12:30	4	1	0	0	0	0	0	0	0	0	0	0	0	0	0
2015-10-26 11:43	0	1	0	3	0	0	0	0	0	0	0	0	0	0	0
2015-10-26 11:42	1	1	0	0	0	0	0	0	0	0	0	0	0	0	0
2015-10-26 11:39	0	1	0	0	0	0	0	0	0	0	0	0	0	0	0
2015-10-26 11:33	2	0	0	0	0	0	0	0	0	0	0	0	0	0	0
2015-10-26 11:13	1	1	0	0	0	0	0	0	0	0	0	0	0	0	0
2015-10-26 11:09	0	1	0	0	0	6	0	0	0	0	0	0	0	0	0
2015-10-26 11:03	1	0	0	0	0	0	0	0	0	0	0	0	0	0	0
2015-10-26 10:59	0	3	0	0	0	6	0	0	0	0	0	0	0	0	0
2015-10-26 10:56	0	14	0	0	0	0	0	0	0	0	0	0	0	0	0
2015-10-26 10:50	2	6	0	0	0	0	0	0	0	0	0	0	0	0	0
2015-10-26 10:41	1	2	0	0	0	0	0	0	0	0	0	0	0	0	0
2015-10-26 10:23	1	0	0	0	0	0	0	0	0	0	0	0	0	0	0
2015-10-26 10:25	0	0	0	4	0	0	0	0	6	0	0	0	0	0	0
2015-10-26 10:15	2	1	0	0	0	0	0	0	0	0	0	0	0	0	0
2015-10-26 09:50	1	0	0	3	0	0	0	0	0	0	0	0	0	0	0
2015-10-26 09:42	2	1	0	0	0	0	0	0	0	0	0	0	0	0	0
2015-10-26 09:24	1	1	0	0	0	0	0	0	0	0	0	0	0	0	0
2015-10-26 09:20	1	2	0	0	0	0	0	0	0	0	0	0	0	0	0
2015-10-26 09:03	2	5	0	6	0	0	0	0	0	0	0	0	0	0	0
2015-10-26 08:41	1	0	0	0	0	0	0	0	0	0	0	0	0	0	0
2015-10-26 08:38	1	1	0	0	0	0	0	0	0	0	0	0	0	0	0
2015-10-26 08:23	2	1	0	0	0	0	0	0	0	0	0	0	0	0	0
2015-10-26 08:02	1	0	0	2	0	0	0	0	2	0	0	0	0	0	0
2015-10-26 07:55	1	4	0	0	0	0	0	0	0	0	0	0	0	0	0
2015-10-26 07:43	1	0	0	0	0	0	0	0	0	0	0	0	0	0	0
2015-10-26 07:36	0	1	0	0	0	0	0	0	0	0	0	0	0	0	0
2015-10-26 07:31	1	0	0	0	0	0	0	0	0	0	0	0	0	0	0
2015-10-26 07:25	1	0	0	0	0	0	0	0	0	0	0	0	0	0	0
2015-10-26 07:16	1	0	0	0	0	0	0	0	0	0	0	0	0	0	0
2015-10-26 07:01	3	1	0	0	0	0	0	0	0	0	0	0	0	0	0
2015-10-26 06:39	0	3	0	0	0	0	0	0	0	0	0	0	0	0	0
2015-10-26 06:29	1	2	0	0	0	1	0	0	0	0	0	0	0	0	0
2015-10-26 06:24	0	1	0	0	0	0	0	0	0	0	0	0	0	0	0
2015-10-26 06:26	1	3	0	10	0	0	1	0	8	0	0	0	0	0	0
2015-10-26 06:17	2	15	0	0	0	0	0	0	0	0	0	0	0	0	0
2015-10-26 05:57	1	1	0	0	0	0	0	0	0	0	0	0	0	0	0
2015-10-26 05:49	2	3	0	0	0	0	0	0	0	0	0	0	0	0	0
2015-10-26 05:28	2	2	0	0	0	1	0	0	0	0	0	0	0	0	0
2015-10-26 05:10	1	19	0	0	0	0	0	0	0	0	0	0	0	0	0
2015-10-26 04:57	1	2	0	0	0	0	0	0	0	0	0	0	0	0	0
2015-10-26 04:49	1	7	0	0	0	0	0	0	0	0	0	0	0	0	0
2015-10-26 04:36	1	1	0	0	0	0	0	0	0	0	0	0	0	0	0
2015-10-26 04:24	1	1	0	0	0	0	0	0	0	0	0	0	0	0	0
2015-10-26 04:18	0	7	0	3	0	0	0	0	0	0	0	0	0	0	0
2015-10-26 04:10	1	1	0	0	0	0	0	0	0	0	0	0	0	0	0
2015-10-26 04:04	1	2	0	0	0	0	0	0	0	0	0	0	0	0	0
2015-10-26 03:58	0	17	0	0	0	0	0	0	0	0	0	0	0	0	0
2015-10-26 03:52	2	6	0	0	0	0	0	0	0	0	0	0	0	0	0
2015-10-26 03:36	1	1	0	2	0	0	0	0	0	0	0	0	0	1	0
2015-10-26 03:29	3	5	0	0	0	0	0	0	0	0	0	0	0	164	0
2015-10-26 02:51	2	0	0	0	0	0	0	0	0	0	0	0	0	0	0
2015-10-26 02:41	0	1	0	0	0	0	0	0	0	0	0	0	0	0	0
2015-10-26 02:33	1	31	0	0	0	0	0	0	0	0	0	0	0	0	0
2015-10-26 02:31	2	6	0	4	0	0	0	0	2	0	0	0	0	0	0
2015-10-26 02:02	1	6	0	0	0	0	0	0	0	0	0	0	0	0	0
2015-10-26 02:00	3	3	0	0	0	0	0	0	0	0	0	0	0	0	0
2015-10-26 01:33	1	42	0	7	0	1	1	0	26	0	0	0	0	24	0
2015-10-26 01:11	1	0	0	0	0	0	0	0	0	0	0	0	0	0	0
2015-10-26 01:09	0	1	0	0	0	0	1	0	0	0	0	0	0	0	0
2015-10-26 01:17	1	0	0	0	0	0	0	0	0	0	0	0	0	0	0
2015-10-26 00:58	0	1	0	0	0	0	0	0	0	0	0	0	0	0	0
2015-10-26 00:52	2	5	0	0	0	0	0	0	0	0	0	0	0	0	0
2015-10-26 00:31	1	1	0	1	0	1	0	0	0	0	0	0	0	0	0
2015-10-26 00:21	1	0	0	0	0	0	0	0	0	0	0	0	0	0	0
2015-10-26 00:14	1	1	0	3	0	0	0	0	0	0	0	0	0	0	0
2015-10-26 00:06	1	3	0	0	0	0	0	0	0	0	0	0	0	0	0
2015-10-25 23:54	1	0	0	5	0	0	2	0	0	0	0	0	0	0	0
2015-10-25 23:48	0	6	0	0	0	0	0	0	0	0	0	0	0	2	0
2015-10-25 23:43	4	10	0	0	0	0	0	0	0	0	0	0	0	0	0
2015-10-25 23:02	2	3	0	0	0	0	0	0	0	0	0	0	0	0	0
2015-10-25 22:47	0	4	0	1	0	0	0	0	0	0	0	0	0	0	0
2015-10-25 22:43	1	5	0	0	0	6	0	0	0	0	0	0	0	0	0
2015-10-25 22:31	1	2	0	0	0	0	0	0	0	0	0	0	0	0	0
2015-10-25 22:23	1	2	0	9	0	0	1	0	0	0	0	0	0	0	0
2015-10-25 22:20	1	0	0	0	0	0	0	0	0	0	0	0	0	0	0
2015-10-25 22:06	0	7	0	0	0	0	0	0	0	0	0	0	0	0	0
2015-10-25 22:03	2	0	0	0	0	0	0	0	0	0	0	0	0	0	0
2015-10-25 21:49	2	2	0	0	0	1	1	0	0	0	0	0	0	0	0
2015-10-25 21:29	1	5	0	0	0	0	0	0	0	0	0	0	0	0	0
2015-10-25 21:09	1	0	0	0	0	0	0	0	0	0	0	0	0	0	0
2015-10-25 21:09	1	4	0	2	1	0	1	0	0	0	0	0	0	0	0
2015-10-25 20:52	1	0	0	0	0	0	0	0	0	0	0	0	0	0	0
2015-10-25 20:47	1	5	0	0	0	0	0	0	0	0	0	0	0	0	0
2015-10-25 20:42	1	0	0	0	0	0	0	0	0	0	0	0	0	0	0
2015-10-25 20:26	3	7	0	0	0	0	0	0	0	0	0	0	0	0	0
2015-10-25 19:55	0	0	0	0	0	1	0	0	0	0	0	0	0	0	0
2015-10-25 19:54	2	3	0	0	0	1	0	0	0	0	0	0	0	0	0
2015-10-25 19:41	1	1	0	3	0	0	1	0	30	0	0	0	0	0	0
2015-10-25 19:21	1	0	0	0	0	0	0	0	0	0	0	0	0	0	0
2015-10-25 19:14	1	1	0	0	0	0	0	0	0	0	0	0	0	0	0
2015-10-25 19:07	1	1	0	6	0	0	1	0	0	0	0	0	0	0	0
2015-10-25 18:58	0	2	0	0	0	0	0	0	0	0	0	0	0	0	0
2015-10-25 18:56	4	1	0	0	0	0	0	0	0	0	0	0	0	0	0
2015-10-25 18:15	4	0	0	0	0	0	0	0	0	0	0	0	0	0	0
2015-10-25 17:35	0	2	0	0	0	0	0	0	0	0	0	0	0	0	0
2015-10-25 17:30	2	4	0	0	0	0	0	0	0	0	0	0	0	0	0
2015-10-25 17:12	1	0	0	0	0	0	0	0	0	0	0	0	0	0	0
2015-10-25 17:05	0	2	0	0	0	0	0	0	0	0	0	0	0	0	0
2015-10-25 17:06	2	1	0	4	0	1	0	0	6	0	0	0	0	0	0
2015-10-25 16:49	1	14	0	0	0	0	0	0	0	0	0	0	0	0	0
2015-10-25 16:34	2	2	0	0	0	0	0	0	0	0	0	0	0	0	0
2015-10-25 16:13	4	4	0	0	0	0	0	0	0	0	0	0	0	0	0
2015-10-25 15:37	0	0	0	0	0	0	1	0	0	0	0	0	0	0	0
2015-10-25 15:36	1	2	0	0	0	0	0	0	0	0	0	0	0	0	0
2015-10-25 15:40	1	2	0	0	0	0	0	0	0	0	0	0	0	0	0
2015-10-25 15:12	1	4	0	3	0	0	0	0	0	0	0	0	0	0	0
2015-10-25 15:08	1	2	0	0	0	0	0	0	0	0	0	0	0	0	0
2015-10-25 14:51	2	5	0	1	0	0	0	0	0	0	0	0	0	0	0
2015-10-25 14:36	2	1	0	0	0	0	0	0	0	0	0	0	0	0	0
2015-10-25 14:13	2	3	0	3	0	0	0	0	0	0	0	0	0	0	0
2015-10-25 13:58	0	2	0	0	0	0	0	0	0	0	0	0	0	0	0
2015-10-25 13:55	3	1	0	0	0	0	0	0	0	0	0	0	0	0	0
2015-10-25 13:24	0	0	0	0	0	0	0	0	6	0	0	0	0	0	0
2015-10-25 13:18	1	0	0	0	0	0	0	0	0	0	0	0	0	0	0
2015-10-25 13:10	1	3	0	3	0	0	0	0	0	0	0	0	0	0	0
2015-10-25 13:08	0	1	0	0	0	0	0	0	0	0	0	0	0	0	0
2015-10-25 13:02	1	2	0	0	0	0	0	0	0	0	0	0	0	0	0
2015-10-25 12:55	1	3	0	0	0	0	0	0	0	0	0	0	0	0	0
2015-10-25 12:51	1	15	0	0	0	0	0	0	0	0	0	0	0	0	0
2015-10-25 12:37	0	1	0	0	0	0	0	0	2	0	0	0	0	0	0
2015-10-25 12:30	1	0	0	0	0	0	0	0	0	0	0	0	0	0	0
2015-10-25 12:31	0	1	0	0	0	0	0	0	0	0	0	0	0	0	0
2015-10-25 12:21	1	0	0	0	0	0	0	0	0	0	0	0	0	0	0
2015-10-25 12:18	0	1	0	8	0	0	0	0	18	0	0	0	0	0	0
2015-10-25 12:11	1	0	0	0	0	0	0	0	0	0	0	0	0	0	0
2015-10-25 12:21	1	1	0	0	0	0	0	0	0	0	0	0	0	0	0
2015-10-25 11:52	1	0	0	0	0	0	0	0	0	0	0	0	0	0	0
2015-10-25 11:45	0	25	0	0	0	0	0	0	0	0	0	0	0	0	0
2015-10-25 11:43	3	1	0	0	0	0	0	0	0	0	0	0	0	0	0
2015-10-25 11:11	3	0	0	0	0	0	0	0	0	0	0	0	0	0	0
2015-10-25 10:42	1	7	0	4	0	0	0	0	10	0	0	0	0	0	0
2015-10-25 10:35	1	1	0	0	0	0	0	0	0	0	0	0	0	0	0
2015-10-25 10:20	1	19	0	0	0	0	0	0	0	0	0	0	0	0	0
2015-10-25 10:11	2	0	0	0	0	0	0	0	0	0	0	0	0	0	0
2015-10-25 09:58	1	0	0	0	0	0	0	0	0	0	0	0	0	0	0
2015-10-25 09:46	1	11	0	0	0	0	0	0	0	0	0	0	0	0	0
2015-10-25 09:34	1	1	0	0	0	0	0	0	0	0	0	0	0	0	0
2015-10-25 09:25	0	1	0	0	0	0	0	0	0	0	0	0	0	0	0
2015-10-25 09:23	1	0	0	9	0	0	0	0	0	0	0	0	0	0	0
2015-10-25 09:18	0	4	0	0	0	0	0	0	0	0	0	0	0	0	0
2015-10-25 09:11	1	2	0	0	0	0	0	0	0	0	0	0	0	0	0
2015-10-25 09:01	1	1	0	0	0	0	0	0	0	0	0	0	0	0	0
2015-10-25 08:53	1	0	0	0	0	0	0	0	0	0	0	0	0	0	0
2015-10-25 08:41	2	3	0	0	0	0	0	0	0	0	0	0	0	0	0
2015-10-25 08:25	1	0	0	0	0	0	0	0	0	0	0	0	0	0	0
2015-10-25 08:11	1	0	0	0	0	0	0	0	0	0	0	0	0	0	0
2015-10-25 08:02	4	2	0	0	0	0	0	0	0	0	0	0	0	0	0
2015-10-25 07:24	1	0	0	0	0	0	0	0	0	0	0	0	0	0	0
2015-10-25 07:14	1	1	0	0	0	0	0	0	0	0	0	0	0	0	0
2015-10-25 07:02	1	0	0	0	0	0	0	0	0	0	0	0	0	0	0
2015-10-25 06:50	1	1	0	0	0	0	0	0	0	0	0	0	0	0	0
2015-10-25 06:44	3	6	0	0	0	1	0	0	0	0	0	0	0	0	0
2015-10-25 06:28	0	1	0	3	0	0	0	0	0	0	0	0	0	0	0
2015-10-25 06:24	1	8	0	0	0	0	0	0	0	0	0	0	0	0	0
2015-10-25 06:12	2	6	0	0	0	1	0	0	0	0	0	0	0	0	0
2015-10-25 06:00	0	3	0	0	0	0	0	0	0	0	0	0	0	0	0
2015-10-25 05:52	1	6	0	0	0	0	0	0	0	0	0	0	0	0	0
2015-10-25 05:47	0	8	0	2	0	0	0	0	4	0	0	0	0	0	0
2015-10-25 05:40	7	0	0	0	0	0	0	0	0	0	0	0	1	0	0
2015-10-25 05:39	1	11	0	0	0	0	0	0	0	0	0	0	0	0	0
2015-10-25 05:22	1	2	0	3	0	0	0	0	0	0	0	0	0	0	0
2015-10-25 05:19	2	5	0	0	0	0	0	0	0	0	0	0	0	0	0
2015-10-25 04:54	1	3	0	0	0	0	1	0	0	0	0	0	0	0	0
2015-10-25 04:40	8	4	0	0	0	0	0	0	0	0	0	0	0	0	0
2015-10-25 04:25	2	3	0	0	0	0	0	0	0	0	0	0	0	0	0
2015-10-25 04:08	1	3	0	0	0	0	0	0	0	0	0	0	0	0	0
2015-10-25 03:59	0	0	0	3	0	0	0	0	0	0	0	0	0	0	0
2015-10-25 03:51	1	0	0	0	0	0	0	0	0	0	0	0	0	0	0
2015-10-25 03:56	2	10	0	0	0	0	0	0	4	0	0	0	0	0	0
2015-10-25 03:40	2	2	0	0	0	0	0	0	0	0	0	0	0	0	0
2015-10-25 03:20	1	0	0	0	0	0	1	0	0	0	0	0	0	0	0
2015-10-25 03:25	1	2	0	0	0	0	0	0	0	0	0	0	0	0	0
2015-10-25 03:06	0	1	0	6	0	0	0	0	0	0	0	0	0	0	0
2015-10-25 03:04	1	2	0	0	0	0	0	0	0	0	0	0	0	0	0
2015-10-25 02:57	0	1	0	0	0	0	0	0	0	0	0	0	0	0	0
2015-10-25 02:53	1	0	0	0	0	0	0	0	0	0	0	0	0	0	0
2015-10-25 02:45	0	4	0	0	0	0	0	0	0	0	0	0	0	1	0
2015-10-25 02:47	9	2	0	0	0	0	1	0	0	0	0	0	0	0	0
2015-10-25 02:11	1	3	0	0	0	0	0	0	0	0	0	0	0	0	0
2015-10-25 02:00	1	1	0	0	0	0	0	0	0	0	0	0	0	0	0
2015-10-25 02:01	8	0	0	0	0	0	0	0	2	0	0	0	0	0	0
2015-10-25 01:37	0	2	0	0	0	0	0	0	0	0	0	0	0	0	0
2015-10-25 01:34	2	3	0	0	0	0	0	0	0	0	0	0	0	0	0
2015-10-25 01:11	2	1	0	0	0	0	0	0	0	0	0	0	0	0	0
2015-10-25 01:02	0	1	0	1	0	0	1	0	8	0	0	0	0	0	0
2015-10-25 01:57	6	6	0	0	0	0	0	0	0	0	0	0	0	0	0
2015-10-25 01:31	1	2	0	3	0	0	0	0	0	0	0	0	0	0	0
2015-10-25 01:25	2	1	0	0	0	0	0	0	0	0	0	0	0	0	0
2015-10-25 01:08	2	2	0	0	0	0	0	0	0	0	0	0	0	0	0
2015-10-25 00:43	6	5	0	0	0	0	0	0	0	0	0	0	0	0	0
2015-10-25 00:23	2	8	0	0	0	0	0	0	0	0	0	0	0	0	0
2015-10-25 00:04	1	3	0	0	0	0	0	0	0	0	0	0	0	0	0
2015-10-24 23:53	1	0	0	0	0	0	0	0	0	0	0	0	0	0	0
2015-10-24 23:49	3	11	0	0	0	0	0	0	0	0	0	0	0	0	0
2015-10-24 23:32	1	3	0	0	0	0	0	0	0	0	0	0	0	0	0
2015-10-24 23:29	3	8	0	3	0	0	1	0	0	0	0	0	0	0	0
2015-10-24 22:59	0	3	0	0	0	0	0	0	0	0	0	0	0	0	0
2015-10-24 22:55	1	0	0	0	0	0	0	0	1	0	0	0	0	0	0
2015-10-24 22:47	0	3	0	0	0	0	0	0	0	0	0	0	0	0	0
2015-10-24 22:42	7	0	0	0	0	0	0	0	0	0	0	0	0	0	0
2015-10-24 22:41	1	21	0	5	0	0	0	0	6	0	0	0	0	2	0
2015-10-24 22:29	2	11	0	0	0	0	0	0	0	0	0	0	0	1	0
2015-10-24 22:04	0	4	0	0	0	0	0	0	0	0	0	0	0	0	0
2015-10-24 22:02	19	0	0	0	0	0	0	0	0	0	0	0	0	0	0
2015-10-24 21:09	0	5	0	6	0	0	0	0	0	0	0	0	0	0	0
2015-10-24 21:06	0	1	0	0	0	0	0	0	0	0	0	0	0	0	0
2015-10-24 21:01	0	8	0	0	1	0	0	0	0	0	0	0	0	0	0
2015-10-24 20:59	0	2	0	0	0	6	0	0	0	0	0	0	0	61	0
2015-10-24 20:37	0	8	0	0	0	0	0	0	0	0	0	0	0	0	0
2015-10-24 20:11	0	1	0	0	0	0	0	0	0	0	0	0	0	0	0
2015-10-24 20:05	0	3	0	0	0	0	0	0	0	0	0	0	0	0	0
2015-10-24 19:46	0	3	0	0	0	0	0	0	0	0	0	0	0	0	0
2015-10-24 19:45	0	3	0	0	0	0	0	0	0	0	0	0	0	0	0
2015-10-24 19:37	0	8	0	7	0	0	0	0	2	0	0	0	0	0	0
2015-10-24 19:15	0	2	0	0	0	0	0	0	0	0	0	0	0	0	0
2015-10-24 19:08	0	2	0	0	0	0	0	0	0	0	0	0	0	0	0
2015-10-24 18:56	21	3	0	0	0	0	0	0	0	0	0	0	0	0	0
2015-10-24 18:42	0	2	0	0	0	0	1	0	9	0	0	0	0	0	0
2015-10-24 18:33	1	0	0	0	0	1	0	0	0	0	0	0	0	0	0
2015-10-24 18:26	1	0	0	0	0	0	0	0	0	0	0	0	0	0	0
2015-10-24 18:16	1	2	0	4	0	0	0	0	0	0	0	0	0	0	0
2015-10-24 18:09	0	1	0	0	0	0	0	0	0	0	0	0	0	0	0
2015-10-24 18:04	49	6	0	0	0	1	0	0	0	0	0	0	0	0	0
2015-10-24 17:46	0	3	0	0	0	0	0	0	0	0	0	0	0	0	0
2015-10-24 17:33	0	3	0	0	0	0	0	0	0	0	0	0	0	0	0
2015-10-24 17:17	0	7	0	0	0	0	0	0	0	0	0	0	0	0	0
2015-10-24 16:39	0	4	0	0	0	0	0	0	0	0	0	0	0	0	0
2015-10-24 16:35	0	5	0	3	0	0	0	0	0	0	0	0	0	0	1
2015-10-24 16:08	0	1	0	0	0	0	0	0	0	0	0	0	0	0	0
2015-10-24 16:03	0	3	0	0	0	0	0	0	0	0	0	0	0	0	0
2015-10-24 15:53	0	1	0	0	0	0	0	0	0	0	0	0	0	0	0
2015-10-24 15:49	0	1	0	0	0	0	0	0	0	0	0	0	0	0	0
2015-10-24 15:27	0	0	0	0	0	0	0	0	2	0	0	0	0	0	0
2015-10-24 15:18	0	1	0	0	0	0	0	0	0	0	0	0	0	0	0
2015-10-24 15:16	0	0	0	1	0	0	0	0	30	2	0	0	0	0	0
2015-10-24 15:09	0	3	0	0	0	0	0	0	0	0	0	0	0	0	0
2015-10-24 15:02	0	1	0	2	0	0	0	0	0	0	0	0	0	0	0
2015-10-24 14:57	0	3	0	0	0	0	0	0	0	0	0	0	0	0	0
2015-10-24 14:55	0	1	0	0	0	0	0	0	0	0	0	0	0	0	0
2015-10-24 14:30	0	6	0	3	0	0	0	0	0	0	0	0	0	0	0
2015-10-24 14:09	0	1	0	0	0	0	0	0	0	0	0	0	0	0	0
2015-10-24 13:35	0	1	0	0	0	0	0	0	0	0	0	0	0	0	0
2015-10-24 13:31	0	0	0	3	0	0	0	0	0	0	0	0	0	0	0
2015-10-24 13:31	0	5	0	0	0	0	0	0	0	0	0	0	0	0	0
2015-10-24 13:07	0	1	0	0	0	0	0	0	0	0	0	0	0	0	0
2015-10-24 12:50	0	5	0	0	0	0	0	0	0	0	0	0	0	0	0
2015-10-24 12:37	0	4	0	0	0	0	0	0	0	0	0	0	0	0	0
2015-10-24 12:27	0	3	0	0	0	0	0	0	0	0	0	0	0	0	0
2015-10-24 11:49	0	0	0	3	0	0	0	0	0	0	0	0	0	0	0
2015-10-24 11:43	0	3	0	0	0	0	0	0	0	0	0	0	0	0	0
2015-10-24 11:06	0	1	0	0	0	0	0	0	0	0	0	0	0	0	0
2015-10-24 11:01	0	0	0	3	0	0	1	0	0	0	0	0	0	0	0
2015-10-24 10:40	0	10	0	0	0	0	0	0	0	0	0	0	0	0	0
2015-10-24 10:37	0	1	0	0	0	0	0	0	0	0	0	0	0	0	0
2015-10-24 10:28	0	62	0	0	0	0	0	0	0	0	0	0	0	0	0
2015-10-24 10:17	0	41	0	0	0	0	0	0	0	0	0	0	0	0	0
2015-10-24 10:13	0	44	0	9	0	0	0	0	0	0	0	0	0	0	0
2015-10-24 09:57	0	1	0	0	0	0	0	0	0	0	0	0	0	0	0
2015-10-24 09:49	0	11	0	0	0	0	0	0	0	0	1	0	0	0	0
2015-10-24 09:36	0	15	0	0	0	0	0	0	0	0	0	0	0	244	0
2015-10-24 09:32	0	3	0	0	0	0	0	0	0	0	0	0	0	0	0
2015-10-24 08:45	0	84	0	0	0	0	0	0	0	0	1	0	0	0	0
2015-10-24 08:34	0	183	0	0	0	0	0	0	0	0	0	0	0	0	0
2015-10-24 08:08	0	1	0	0	0	0	0	0	0	0	0	0	0	0	0
2015-10-24 07:18	0	66	0	0	0	0	0	0	0	0	0	0	0	0	0
2015-10-24 07:09	0	1	0	0	0	0	0	0	0	0	0	0	0	0	0
2015-10-24 07:06	0	0	0	6	0	0	0	0	0	0	0	0	0	0	0
2015-10-24 06:53	0	2	0	0	0	0	0	0	0	0	0	0	0	0	0
2015-10-24 06:25	0	3	0	0	0	0	0	0	0	0	0	0	0	0	0
2015-10-24 06:08	0	3	0	0	0	0	0	0	0	0	0	0	0	0	0
2015-10-24 05:52	0	1	0	0	0	0	0	0	0	0	0	0	0	0	0
2015-10-24 05:40	0	1	0	0	0	0	0	0	0	0	0	0	0	0	0
2015-10-24 05:28	0	4	0	0	0	0	0	0	0	0	0	0	0	0	0
2015-10-24 04:57	0	1	0	0	0	0	0	0	0	0	0	0	0	0	0
2015-10-24 04:55	0	5	0	9	0	0	0	0	14	0	0	0	0	0	0
2015-10-24 04:27	0	0	0	0	0	0	0	0	0	0	0	0	0	4	0
2015-10-24 04:12	0	3	0	0	0	0	0	0	0	0	0	0	0	1	0
2015-10-24 04:17	0	1	0	0	0	0	0	0	0	0	0	0	0	0	0
2015-10-24 03:49	0	4	0	0	0	0	0	0	0	0	0	0	0	0	0
2015-10-24 03:33	0	1	0	0	0	0	0	0	0	0	0	0	0	0	0
2015-10-24 03:24	0	1	0	0	0	0	0	0	0	0	0	0	0	0	0
2015-10-24 03:17	0	1	0	0	0	0	0	0	0	0	0	0	0	0	0
2015-10-24 03:08	0	7	0	6	0	0	0	0	0	0	0	0	0	0	0
2015-10-24 03:02	0	1	0	0	0	0	0	0	0	0	0	0	0	0	0
2015-10-24 02:42	0	3	0	0	1	0	0	0	0	0	0	0	0	0	0
2015-10-24 01:49	0	1	0	0	0	0	0	0	0	0	0	0	0	0	0
2015-10-24 01:34	0	1	0	0	0	0	0	0	0	0	0	0	0	0	0
2015-10-24 01:14	0	4	0	0	0	0	0	0	0	0	0	0	0	0	0
2015-10-24 01:10	0	10	0	8	0	0	1	0	0	0	0	0	0	0	0
2015-10-24 01:05	0	2	0	0	1	0	0	0	0	0	0	0	0	0	0
2015-10-24 00:57	0	1	0	0	0	0	0	0	0	0	0	0	0	0	0
2015-10-24 00:51	0	1	0	0	0	0	0	0	0	0	0	0	0	0	0
2015-10-24 00:40	0	6	0	4	0	1	0	0	0	0	0	0	0	0	0
2015-10-24 00:18	0	16	0	0	0	5	0	0	0	0	0	0	0	0	0
2015-10-24 00:14	0	2	0	0	0	0	0	0	0	0	0	0	0	0	0
2015-10-24 00:02	2	3	0	0	0	0	0	0	0	0	0	0	0	0	0
2015-10-23 23:17	11	8	0	0	1	0	0	0	0	0	0	0	0	0	0
2015-10-23 21:52	0	1	0	0	0	0	0	0	0	0	0	0	0	0	0
2015-10-23 21:29	1	6	0	0	0	0	0	0	0	0	0	0	0	0	0
2015-10-23 21:13	0	1	0	0	0	0	0	0	0	0	0	0	0	0	0
2015-10-23 21:10	1	0	0	0	0	0	0	0	0	0	0	0	0	0	0
2015-10-23 21:06	1	3	0	0	0	0	0	0	0	0	0	0	0	0	0
2015-10-23 21:04	1	14	0	0	0	0	0	0	0	0	0	0	0	0	0
2015-10-23 20:51	0	4	0	9	0	0	0	0	16	0	0	0	0	0	0
2015-10-23 20:42	2	2	0	0	0	0	0	0	0	0	0	0	0	0	0
2015-10-23 20:27	1	0	0	0	0	6	0	0	0	0	0	0	0	0	0
2015-10-23 20:15	4	2	0	0	0	0	0	0	0	0	0	0	0	0	0
2015-10-23 19:39	1	9	0	0	0	0	0	0	0	0	0	0	0	0	0
2015-10-23 19:28	1	1	0	0	0	0	0	0	0	0	0	0	0	0	0
2015-10-23 19:14	1	10	0	0	0	6	0	0	0	0	0	0	0	0	0
2015-10-23 19:05	1	1	0	0	0	0	0	0	0	0	0	0	0	0	0
2015-10-23 18:54	0	2	0	0	0	0	0	0	0	0	0	0	0	31	0
2015-10-23 18:51	1	0	0	0	0	0	0	0	0	0	0	0	0	25	0
2015-10-23 18:50	0	2	0	3	0	0	0	0	0	0	0	0	0	4	0
2015-10-23 18:48	1	4	0	0	0	0	0	0	0	0	0	0	0	12	0
2015-10-23 18:31	2	1	0	0	0	6	0	0	0	0	0	0	0	0	0
2015-10-23 18:18	0	1	0	2	0	0	0	0	0	0	0	0	0	0	0
2015-10-23 18:13	1	1	0	0	0	0	0	0	0	0	0	0	0	0	0
2015-10-23 18:08	0	0	0	11	0	0	0	0	0	0	1	0	0	0	0
2015-10-23 18:06	0	2	0	0	0	0	0	0	0	0	0	0	0	0	0
2015-10-23 18:03	0	2	0	0	0	0	0	0	0	0	0	0	0	0	0
2015-10-23 18:02	1	0	0	0	0	0	0	0	0	0	0	0	0	0	0
2015-10-23 17:51	1	4	0	0	0	0	0	0	0	0	0	0	0	0	0
2015-10-23 17:54	0	0	0	0	0	0	0	0	0	0	3	0	0	0	0
2015-10-23 17:41	3	7	0	0	0	0	0	0	0	0	2	0	0	0	0
2015-10-23 17:16	2	5	0	1	0	0	0	0	0	0	1	0	0	0	0
2015-10-23 16:58	0	2	0	0	0	0	0	0	0	0	0	0	0	0	0
2015-10-23 16:52	5	5	0	0	1	0	0	0	0	0	0	0	0	0	0
2015-10-23 16:01	1	0	0	0	0	0	0	0	0	0	0	0	0	0	0
2015-10-23 15:55	0	1	0	0	0	0	0	0	0	0	0	0	0	0	0
2015-10-23 15:51	1	3	0	0	0	0	0	0	0	0	0	0	0	0	0
2015-10-23 15:42	1	4	0	0	0	0	0	0	0	0	0	0	0	0	0
2015-10-23 15:36	1	1	0	0	0	0	0	0	0	0	0	0	0	0	0
2015-10-23 15:22	0	1	0	0	0	0	0	0	0	0	0	0	0	0	0
2015-10-23 15:21	1	0	0	0	0	0	0	0	0	0	0	0	0	0	0
2015-10-23 15:17	0	2	0	0	0	0	0	0	0	0	0	0	0	0	0
2015-10-23 15:12	1	2	0	6	0	0	0	0	1	0	0	0	0	0	0
2015-10-23 15:02	1	0	0	0	0	1	0	0	0	0	0	0	0	0	0
2015-10-23 14:56	2	2	0	0	0	0	0	0	0	0	0	0	0	0	0
2015-10-23 14:34	1	3	0	0	0	0	0	0	0	0	0	0	0	0	0
2015-10-23 14:35	1	10	0	0	0	0	0	0	0	0	0	0	0	0	0
2015-10-23 14:13	1	1	0	0	0	0	0	0	0	0	0	0	0	0	0
2015-10-23 14:08	2	4	0	2	0	6	1	0	0	0	0	0	0	0	0
2015-10-23 13:48	1	4	0	0	0	0	0	0	0	0	0	0	0	0	0
2015-10-23 13:37	1	9	0	3	0	0	0	0	10	0	2	0	0	0	0
2015-10-23 13:38	0	1	0	0	0	0	0	0	0	0	0	0	0	0	0
2015-10-23 13:24	3	40	0	0	0	0	0	0	0	0	1	0	0	0	0
2015-10-23 12:52	0	1	0	0	0	0	0	0	0	0	0	0	0	0	0
2015-10-23 12:53	1	0	0	0	0	0	0	0	0	0	0	0	0	0	0
2015-10-23 12:44	0	1	0	0	0	0	0	0	0	0	0	0	0	0	0
2015-10-23 12:42	1	5	0	3	0	0	0	0	2	0	0	0	0	0	0
2015-10-23 12:39	0	4	0	0	0	0	0	0	0	0	0	0	0	0	0
2015-10-23 12:38	2	5	0	0	0	0	0	0	0	0	0	0	0	0	0
2015-10-23 12:12	1	2	0	1	0	0	0	0	0	0	0	0	0	0	0
2015-10-23 12:18	1	2	0	0	0	0	0	0	0	0	0	0	0	0	0
2015-10-23 11:57	0	1	0	0	0	0	0	0	0	0	0	0	0	0	0
2015-10-23 11:57	1	5	0	3	0	6	0	0	0	0	0	0	0	0	0
2015-10-23 11:42	1	0	0	0	0	0	0	0	0	0	0	0	0	0	0
2015-10-23 11:31	5	10	0	0	0	0	0	0	0	0	0	0	0	0	0
2015-10-23 10:44	1	6	0	0	0	0	0	0	0	0	0	0	0	0	0
2015-10-23 10:39	0	2	0	0	0	0	0	0	0	0	0	0	0	0	0
2015-10-23 10:37	0	8	0	6	0	0	0	0	0	0	0	0	0	0	0
2015-10-23 10:33	2	6	0	0	0	0	0	0	0	0	0	0	0	0	0
2015-10-23 10:19	2	8	0	0	0	0	0	0	0	0	0	0	0	0	0
2015-10-23 09:55	0	1	0	0	0	0	0	0	0	0	0	0	0	0	0
2015-10-23 09:54	1	2	0	0	0	0	0	0	0	0	0	0	0	0	0
2015-10-23 09:44	2	7	0	0	0	12	0	0	0	0	1	0	0	0	0
2015-10-23 09:24	0	2	0	0	0	0	0	0	0	0	0	0	0	0	0
2015-10-23 09:21	1	21	0	3	0	0	0	0	0	0	1	0	0	0	0
2015-10-23 09:12	3	1	0	0	0	0	0	0	0	0	0	0	0	0	0
2015-10-23 08:48	2	5	0	0	0	0	0	0	0	0	0	0	0	0	0
2015-10-23 08:30	1	3	0	6	0	0	0	0	63	0	0	0	0	0	0
2015-10-23 08:10	2	0	0	0	1	0	0	0	0	0	0	0	0	0	0
2015-10-23 07:55	3	2	0	0	0	0	0	0	0	0	0	0	0	0	0
2015-10-23 07:25	1	0	0	0	0	0	0	0	0	0	0	0	0	0	0
2015-10-23 07:12	0	3	0	0	0	0	0	0	0	0	0	0	0	0	0
2015-10-23 07:10	1	0	0	0	0	0	0	0	0	0	0	0	0	0	0
2015-10-23 07:07	1	6	0	0	0	0	0	0	0	0	0	0	0	0	0
2015-10-23 06:50	1	1	0	6	0	0	0	0	0	0	0	0	0	0	0
2015-10-23 06:47	0	118	0	0	0	0	0	0	0	0	0	0	0	0	0
2015-10-23 06:45	1	0	0	0	0	0	0	0	0	0	0	0	0	0	0
2015-10-23 06:34	2	2	0	0	0	6	0	0	0	0	0	0	0	0	0
2015-10-23 06:17	1	11	0	0	0	0	0	0	0	0	0	0	0	0	0
2015-10-23 06:07	1	4	0	0	0	0	0	0	0	0	1	0	0	0	0
2015-10-23 05:59	0	1	0	0	0	0	0	0	0	0	0	0	0	0	0
2015-10-23 05:50	2	1	0	0	0	0	0	0	0	0	0	0	0	0	0
2015-10-23 05:40	1	1	0	0	0	0	0	0	0	0	0	0	0	0	0
2015-10-23 05:29	0	1	0	0	0	0	0	0	0	0	0	0	0	0	0
2015-10-23 05:27	0	1	0	0	0	0	0	0	0	0	0	0	0	0	0
2015-10-23 05:20	1	0	0	0	0	0	0	0	0	0	0	0	0	0	0
2015-10-23 05:18	0	3	0	0	0	0	0	0	0	0	0	0	0	0	0
2015-10-23 05:10	1	0	0	0	0	0	0	0	0	0	0	0	0	0	0
2015-10-23 05:00	1	1	0	0	0	0	0	0	0	0	0	0	0	0	0
2015-10-23 04:55	1	0	0	0	0	0	0	0	0	0	0	0	0	0	0
2015-10-23 04:48	0	0	0	2	0	0	0	0	0	0	0	0	0	86	0
2015-10-23 04:46	2	3	0	0	1	6	0	0	0	0	0	0	0	0	0
2015-10-23 04:22	1	0	0	0	0	0	0	0	0	0	0	0	0	58	0
2015-10-23 04:17	0	0	0	0	0	6	0	0	0	0	0	0	0	1	0
2015-10-23 04:13	1	1	0	9	0	12	1	0	0	0	0	0	0	50	0
2015-10-23 04:08	1	4	0	0	0	18	0	0	0	0	0	0	0	3	0
2015-10-23 04:00	1	0	0	0	0	0	0	0	0	0	0	0	0	0	0
2015-10-23 03:45	0	6	0	0	0	13	0	0	0	0	0	0	0	0	0
2015-10-23 03:41	4	0	0	0	0	5	0	0	0	0	0	0	0	0	0
2015-10-23 02:59	1	9	0	0	0	0	0	0	0	0	0	0	0	0	0
2015-10-23 02:54	11	7	0	0	1	6	0	0	0	0	0	0	1	0	0
2015-10-23 01:08	1	2	0	0	0	0	0	0	0	0	0	0	0	0	0
2015-10-23 00:57	1	6	0	3	0	0	0	0	0	0	0	0	0	0	0
2015-10-23 00:43	1	1	0	0	0	0	0	0	0	0	0	0	0	0	0
2015-10-23 00:31	1	1	0	0	0	0	0	0	0	0	0	0	0	0	0
2015-10-23 00:24	1	2	0	0	0	0	0	0	0	0	0	0	0	0	0
2015-10-23 00:15	1	2	0	0	0	0	0	0	0	0	0	0	0	0	0
2015-10-23 00:08	2	5	0	4	0	0	0	0	0	0	0	0	0	0	0
2015-10-22 23:42	1	5	0	0	0	0	0	0	0	0	0	0	0	0	0
2015-10-22 23:32	1	1	0	0	0	0	0	0	0	0	0	0	0	0	0
2015-10-22 23:22	1	0	0	0	0	0	0	0	0	0	0	0	0	0	0
2015-10-22 23:22	3	2	0	0	0	0	0	0	1	0	0	0	0	0	0
2015-10-22 22:42	2	16	0	0	0	0	0	0	0	0	0	0	0	0	0
2015-10-22 22:26	1	0	0	5	0	0	0	0	2	0	0	0	0	0	0
2015-10-22 22:12	1	1	0	2	0	0	0	0	0	0	0	0	0	0	0
2015-10-22 22:09	0	2	0	0	0	0	0	0	0	0	0	0	0	0	0
2015-10-22 22:04	1	1	0	0	0	0	0	0	0	0	0	0	0	0	0
2015-10-22 21:51	1	0	0	0	0	0	0	0	0	0	0	0	0	0	0
2015-10-22 21:45	1	2	0	0	0	0	0	0	0	0	0	0	0	0	0
2015-10-22 21:36	1	4	0	0	0	0	0	0	0	0	0	0	0	0	0
2015-10-22 21:23	2	0	0	0	0	0	0	0	0	0	0	0	0	0	0
2015-10-22 21:03	1	3	0	0	0	0	0	0	0	0	0	0	0	0	0
2015-10-22 20:59	0	1	0	7	0	0	0	0	1	0	0	0	0	0	0
2015-10-22 20:53	2	1	0	0	0	0	1	0	0	0	0	0	0	0	0
2015-10-22 20:45	2	7	0	0	0	0	0	0	0	0	0	0	0	0	0
2015-10-22 20:12	1	0	0	0	0	0	0	0	0	0	0	0	0	0	0
2015-10-22 20:07	2	11	0	0	0	0	0	0	0	0	0	0	0	0	0
2015-10-22 19:43	2	0	0	0	0	0	0	0	0	0	0	0	0	0	0
2015-10-22 19:29	1	0	0	0	0	0	0	0	0	0	0	0	0	0	0
2015-10-22 19:18	2	18	0	0	0	0	0	0	0	0	0	0	0	0	0
2015-10-22 18:51	1	3	0	0	0	0	0	0	0	0	0	0	0	0	0
2015-10-22 18:46	0	0	0	2	0	0	0	0	0	0	0	0	0	0	0
2015-10-22 18:46	0	4	0	0	0	0	0	0	0	0	0	0	0	0	0
2015-10-22 18:44	0	2	0	0	0	0	0	0	0	0	0	0	0	0	0
2015-10-22 18:41	1	0	0	1	0	0	0	0	0	0	0	0	0	0	0
2015-10-22 18:33	1	11	0	0	0	0	0	0	0	0	0	0	0	0	0
2015-10-22 18:23	3	1	0	0	0	0	0	0	0	0	0	0	0	0	0
2015-10-22 17:54	1	0	0	0	1	0	0	0	0	0	0	0	0	0	0
2015-10-22 17:40	1	5	0	0	0	0	0	0	0	0	0	0	0	0	0
2015-10-22 17:34	0	2	0	0	0	0	0	0	0	0	0	0	0	0	0
2015-10-22 17:37	2	12	0	4	0	0	0	0	33	0	0	0	0	22	0
2015-10-22 17:19	1	12	0	0	0	0	0	0	0	0	0	0	0	0	0
2015-10-22 17:06	1	6	0	0	0	0	0	0	0	0	0	0	0	0	0
2015-10-22 16:59	0	2	0	0	0	0	0	0	0	0	0	0	0	0	0
2015-10-22 16:58	2	13	0	1	0	0	1	0	0	0	0	0	0	0	0
2015-10-22 16:40	0	26	0	0	0	0	0	0	0	0	0	0	0	0	0
2015-10-22 16:33	1	0	0	0	0	0	0	0	0	0	0	0	0	0	0
2015-10-22 16:29	0	10	0	0	0	0	0	0	0	0	0	0	0	0	0
2015-10-22 16:28	0	14	0	0	0	0	0	0	0	0	0	0	0	0	1
2015-10-22 16:24	0	4	0	3	0	0	0	0	0	0	0	0	0	0	0
2015-10-22 16:22	1	2	0	0	0	0	0	0	0	0	0	0	0	0	0
2015-10-22 16:14	3	16	0	0	0	0	0	0	0	0	0	0	0	0	3
2015-10-22 15:46	1	1	0	0	0	0	0	0	0	0	0	0	0	0	2
2015-10-22 15:32	2	8	0	0	0	0	0	0	0	0	0	0	0	0	1
2015-10-22 15:25	1	4	0	11	0	0	1	0	7	0	0	0	0	0	2
2015-10-22 15:02	1	7	0	1	0	0	0	0	0	0	0	0	0	0	0
2015-10-22 14:56	2	12	0	0	1	6	0	0	0	0	0	0	0	0	3
2015-10-22 14:34	0	3	0	6	0	0	0	0	0	0	0	0	0	0	0
2015-10-22 14:31	2	1	0	0	0	0	0	0	0	0	0	0	0	0	1
2015-10-22 14:18	2	5	0	0	0	0	1	0	0	0	0	0	0	0	6
2015-10-22 13:58	3	6	0	2	0	0	1	0	0	0	0	0	0	0	0
2015-10-22 13:21	1	2	0	0	0	0	0	0	0	0	0	0	0	0	1
2015-10-22 13:11	4	6	0	0	0	0	0	0	0	0	0	0	0	0	3
2015-10-22 12:39	1	4	0	3	0	0	0	0	0	0	0	0	0	0	1
2015-10-22 12:29	1	5	0	0	0	0	0	0	0	0	0	0	0	0	1
2015-10-22 12:18	1	3	0	4	0	0	0	0	17	0	0	0	0	0	2
2015-10-22 12:06	0	1	0	0	0	0	0	0	0	0	0	0	0	0	0
2015-10-22 12:03	1	3	0	0	0	0	0	0	0	0	0	0	0	0	0
2015-10-22 11:58	1	10	0	0	0	0	0	0	0	0	0	0	0	0	1
2015-10-22 11:46	1	2	0	0	0	0	0	0	0	0	0	0	0	0	1
2015-10-22 11:36	1	1	0	0	0	0	0	0	0	0	0	0	0	0	1
2015-10-22 11:39	1	6	0	0	0	0	0	0	0	0	0	0	0	0	2
2015-10-22 11:14	0	1	0	0	0	0	0	0	0	0	0	0	0	0	0
2015-10-22 11:12	1	3	0	0	0	0	0	0	0	0	0	0	0	0	1
2015-10-22 11:04	1	7	0	0	0	0	0	0	0	0	0	0	0	0	1
2015-10-22 10:51	1	5	0	0	0	0	0	0	0	0	0	0	0	0	0
2015-10-22 10:48	0	1	0	3	0	0	0	0	0	0	0	0	0	0	0
2015-10-22 10:44	1	9	0	0	0	0	0	0	0	0	0	0	0	0	1
2015-10-22 10:38	0	2	0	0	0	0	0	0	0	0	0	0	0	0	4
2015-10-22 10:45	4	2	0	0	0	0	0	0	0	0	0	0	0	0	0
2015-10-22 09:55	0	14	0	15	0	0	0	0	12	0	0	0	0	0	1
2015-10-22 09:51	1	3	0	0	0	0	0	0	0	0	0	0	0	0	0
2015-10-22 09:41	4	4	0	0	0	0	0	0	0	0	0	0	0	44	0
2015-10-22 09:08	1	1	0	0	0	0	0	0	0	0	0	0	0	1	1
2015-10-22 08:59	2	6	0	7	0	0	0	0	0	0	0	0	0	0	2
2015-10-22 08:37	1	2	0	0	0	0	0	0	0	0	0	0	0	0	1
2015-10-22 08:27	3	3	0	0	0	0	0	0	0	0	0	0	0	0	3
2015-10-22 07:57	1	1	0	0	0	0	0	0	0	0	0	0	0	0	1
2015-10-22 07:49	0	3	0	0	0	0	0	0	0	0	0	0	0	0	0
2015-10-22 07:45	3	3	0	0	0	0	0	0	0	0	0	0	0	0	3
2015-10-22 07:16	0	2	0	4	0	0	0	0	0	0	0	0	0	0	1
2015-10-22 07:10	1	1	0	0	0	0	0	0	0	0	0	0	0	0	0
2015-10-22 07:08	1	2	0	0	0	0	0	0	0	0	0	0	0	0	1
2015-10-22 06:58	1	3	0	0	0	0	0	0	0	0	0	0	0	0	1
2015-10-22 06:46	0	2	0	5	0	0	0	0	0	0	0	0	0	0	0
2015-10-22 06:41	1	2	0	0	0	0	0	0	0	0	0	0	0	0	1
2015-10-22 06:38	1	7	0	0	0	0	0	0	0	0	0	0	0	0	1
2015-10-22 06:28	0	0	0	0	0	0	0	0	0	0	0	0	0	0	1
2015-10-22 06:26	1	6	0	0	0	0	0	0	0	0	0	0	0	0	1
2015-10-22 06:10	1	2	0	0	0	0	0	0	0	0	0	0	0	0	0
2015-10-22 06:08	1	3	0	0	0	0	0	0	0	0	0	0	0	0	1
2015-10-22 05:57	0	6	0	0	0	0	0	0	0	0	0	0	0	0	0
2015-10-22 05:55	0	4	0	0	0	0	0	0	0	0	0	0	0	0	1
2015-10-22 05:53	3	8	0	0	0	0	0	0	0	0	0	0	0	0	2
2015-10-22 05:36	0	0	0	0	0	0	0	0	0	0	0	0	0	0	1
2015-10-22 05:29	0	1	0	0	0	0	0	0	0	0	0	0	0	0	0
2015-10-22 05:19	2	5	0	0	0	0	0	0	0	0	0	0	0	0	1
2015-10-22 05:07	0	1	0	0	0	0	0	0	0	0	0	0	0	0	1
2015-10-22 05:03	1	2	0	0	0	0	0	0	0	0	0	0	0	0	0
2015-10-22 04:58	0	1	0	0	0	0	0	0	0	0	0	0	0	0	1
2015-10-22 04:50	2	2	0	0	0	0	0	0	0	0	0	0	0	0	1
2015-10-22 04:39	0	1	0	0	0	0	0	0	0	0	0	0	0	0	0
2015-10-22 04:48	0	4	0	0	0	0	0	0	0	0	0	0	0	0	1
2015-10-22 04:43	1	3	0	1	0	0	0	0	0	0	0	0	0	0	0
2015-10-22 04:29	1	3	0	4	0	0	0	0	0	0	0	0	0	0	1
2015-10-22 04:20	1	4	0	4	0	0	0	0	2	0	0	0	0	0	2
2015-10-22 04:05	2	95	0	0	0	0	0	0	0	0	0	0	0	0	1
2015-10-22 03:49	2	59	0	0	0	0	0	0	0	0	0	0	0	0	1
2015-10-22 03:37	1	74	0	0	0	0	0	0	0	0	0	0	0	0	2
2015-10-22 03:26	0	3	0	1	0	0	0	0	0	0	0	0	0	0	0
2015-10-22 03:25	0	1	0	0	0	0	0	0	0	0	0	0	0	0	0
2015-10-22 03:23	1	37	0	0	0	0	0	0	0	0	0	0	0	0	1
2015-10-22 03:14	1	1	0	3	0	0	0	0	15	0	0	0	0	0	1
2015-10-22 03:06	0	4	0	3	0	4	0	0	0	0	0	0	0	0	2
2015-10-22 03:00	1	2	0	0	0	0	0	0	0	0	0	0	0	0	0
2015-10-22 02:59	1	6	0	0	0	0	0	0	0	0	0	0	0	0	1
2015-10-22 02:41	1	2	0	0	0	6	0	0	0	0	0	0	0	0	1
2015-10-22 02:37	0	0	0	0	0	0	0	0	0	0	0	0	0	0	1
2015-10-22 02:38	2	2	0	0	0	0	0	0	0	0	0	0	0	0	1
2015-10-22 02:19	3	12	0	0	0	0	0	0	0	0	0	0	0	0	3
2015-10-22 01:50	0	11	0	0	0	0	0	0	0	0	0	0	0	0	0
2015-10-22 01:46	0	53	0	0	0	1	0	0	0	0	0	0	0	0	1
2015-10-22 01:41	1	16	0	0	0	0	0	0	0	0	0	0	0	0	0
2015-10-22 01:39	0	18	0	3	0	0	1	0	0	0	0	0	0	0	0
2015-10-22 01:36	0	1	0	0	0	0	0	0	0	0	0	0	0	0	1
2015-10-22 01:31	2	17	0	0	0	0	0	0	0	0	0	0	0	0	1
2015-10-22 01:19	1	2	0	0	0	0	0	0	0	0	0	0	0	0	2
2015-10-22 01:05	0	1	0	0	0	0	0	0	0	0	0	0	0	0	0
2015-10-22 01:01	1	3	0	0	0	0	0	0	0	0	0	0	0	0	0
2015-10-22 00:58	1	1	0	0	0	0	0	0	0	0	0	0	0	0	1
2015-10-22 00:49	0	7	0	3	0	0	0	0	0	0	0	0	0	0	0
2015-10-22 00:44	2	1	0	0	0	0	0	0	0	0	0	0	0	0	3
2015-10-22 00:22	3	3	0	0	0	0	0	0	0	0	0	0	0	0	2
2015-10-21 23:56	0	1	0	0	0	0	0	0	0	0	0	0	0	0	0
2015-10-21 23:55	0	1	0	0	0	0	0	0	0	0	0	0	0	0	1
2015-10-21 23:52	1	2	0	0	0	0	0	0	0	0	0	0	0	0	0
2015-10-21 23:54	0	1	0	0	0	0	1	0	0	0	0	0	0	0	0
2015-10-21 23:49	0	1	0	0	0	0	0	0	0	0	0	0	0	0	0
2015-10-21 23:43	1	1	0	0	0	0	0	0	0	0	0	0	0	0	1
2015-10-21 23:39	0	3	0	3	0	0	0	0	0	0	0	0	0	0	1
2015-10-21 23:36	2	4	0	0	0	0	0	0	0	0	0	0	0	0	1
2015-10-21 23:15	0	1	0	0	0	0	0	0	0	0	0	0	0	0	1
2015-10-21 23:15	1	3	0	0	0	0	1	0	0	0	0	0	0	0	1
2015-10-21 23:02	1	1	0	0	0	0	0	0	0	0	0	0	0	0	0
2015-10-21 23:02	1	8	0	4	0	0	0	0	1	2	0	0	0	0	1
2015-10-21 22:49	1	3	0	0	0	0	0	0	0	0	0	0	0	0	2
2015-10-21 22:30	1	60	0	2	0	0	2	0	0	0	0	0	0	0	0
2015-10-21 22:31	0	51	0	0	0	6	0	0	0	0	0	0	0	0	4
2015-10-21 22:26	4	2	0	0	0	0	0	0	0	0	0	0	1	0	0
2015-10-21 21:43	1	53	0	0	1	0	0	0	0	0	0	0	0	0	1
2015-10-21 21:33	3	19	0	0	7	22	0	0	0	0	0	0	0	0	0
2015-10-21 21:07	0	1	0	0	2	2	0	0	0	0	0	0	0	0	1
2015-10-21 21:03	2	8	0	0	0	0	0	0	0	0	0	0	0	0	1
2015-10-21 20:49	6	4	0	0	0	0	0	0	0	0	0	0	0	0	5
2015-10-21 20:39	0	0	0	0	0	0	0	0	0	0	0	0	0	0	0	2
2015-10-21 19:49	0	2	0	0	0	0	0	0	0	0	0	0	0	0	0	0
2015-10-21 19:45	1	4	0	0	0	0	0	0	0	0	0	0	0	0	2	0
2015-10-21 19:36	0	0	0	1	0	0	0	0	5	0	0	0	0	0	0	0
2015-10-21 19:31	2	7	0	0	0	12	1	0	0	0	0	0	0	0	1	0
2015-10-21 19:15	1	11	0	3	0	11	0	0	0	0	0	0	0	0	1	0
2015-10-21 19:07	0	2	0	0	0	0	0	0	0	0	0	0	0	0	1	0
2015-10-21 19:02	1	0	0	0	0	0	0	0	0	0	0	0	0	3	0	0
2015-10-21 18:59	3	3	0	0	0	0	0	0	0	0	0	0	0	0	3	0
2015-10-21 18:29	0	4	0	0	0	0	0	0	0	0	0	0	0	0	1	0
2015-10-21 18:23	1	7	0	0	0	0	0	0	0	0	0	0	0	0	1	0
2015-10-21 18:15	1	7	0	7	0	0	1	0	0	0	0	0	0	0	1	0
2015-10-21 18:05	1	3	0	0	0	0	0	0	0	0	0	0	0	0	4	0
2015-10-21 17:54	3	9	0	0	0	0	0	0	0	0	0	0	0	0	0	0
2015-10-21 17:23	0	2	0	0	0	0	0	0	0	0	0	0	0	0	0	0
2015-10-21 17:21	2	9	0	0	0	3	0	0	0	0	0	0	0	0	1	0
2015-10-21 17:06	0	3	0	0	0	0	0	0	0	0	0	0	0	0	1	0
2015-10-21 17:06	1	3	0	0	0	0	0	0	0	0	0	0	0	0	0	0
2015-10-21 17:00	0	13	0	3	0	114	1	0	0	0	0	0	0	0	4	0
2015-10-21 16:58	4	2	0	0	0	0	0	0	0	0	0	0	0	0	0	0
2015-10-21 16:16	1	4	0	0	0	24	0	0	0	0	0	0	0	0	1	0
2015-10-21 16:10	0	6	0	0	0	6	0	0	0	0	0	0	0	0	1	0
2015-10-21 16:00	1	2	0	0	0	0	0	0	0	0	0	0	0	0	0	0
2015-10-21 15:59	1	3	0	0	0	0	0	0	0	0	0	0	0	53	1	0
2015-10-21 15:43	1	4	0	0	0	0	0	0	0	0	0	0	0	63	2	1
2015-10-21 15:35	0	1	0	0	0	0	0	0	0	0	0	0	0	0	0	0
2015-10-21 15:32	2	3	0	0	0	0	0	0	0	0	0	0	0	0	1	0
2015-10-21 15:21	0	1	0	0	0	0	0	0	0	0	0	0	0	0	0	0
2015-10-21 15:15	0	4	0	4	0	0	0	0	0	0	0	0	0	0	1	0
